QuantidadeConjuntos,Proposta1,Proposta2,Proposta3,Proposta4,Proposta5,Proposta6
1,11.3955,0.0387193,0.0395424,0.0387057,0.0346854,0.0345729
3,35.483,0.119654,0.0523861,0.0511306,0.0366182,0.0358758
5,46.1242,0.190505,0.0561442,0.0553913,0.0376491,0.0363139
7,60.6074,0.262838,0.0619044,0.0627834,0.0395484,0.0380853
10,81.798,0.374475,0.0704079,0.0710239,0.040433,0.0402188
