QuantidadeConjuntos,Proposta1,Proposta2,Proposta3,Proposta4,Proposta5,Proposta6
1,0.0408777,0.0160497,0.0158111,0.0157731,0.0150664,0.0182004
2,0.0757014,0.03363,0.0212867,0.0194401,0.0183645,0.0187717
3,0.132958,0.0528549,0.0189366,0.0187192,0.0185795,0.0186082
4,0.158181,0.0638018,0.0188046,0.0191754,0.0187822,0.0188674
5,0.156161,0.067196,0.018753,0.0184915,0.0192842,0.0194667
