QuantidadeConjuntos,Proposta1,Proposta2,Proposta3,Proposta4,Proposta5,Proposta6
1,0.0498961,0.0180764,0.0190694,0.0170696,0.0190328,0.0214027
2,0.0902094,0.0379346,0.0211244,0.0236374,0.0215727,0.0216681
3,0.155632,0.0599265,0.0230493,0.0210546,0.0208809,0.0207957
4,0.178558,0.0739721,0.021095,0.0216026,0.0213682,0.0205621
5,0.196596,0.075451,0.0201869,0.0198796,0.0202004,0.0196795
